<?xml version="1.0" encoding="UTF-8"?>
<project-private xmlns="http://www.netbeans.org/ns/project-private/1">
    <editor-bookmarks xmlns="http://www.netbeans.org/ns/editor-bookmarks/2" lastBookmarkId="0"/>
    <open-files xmlns="http://www.netbeans.org/ns/projectui-open-files/2">
        <group>
            <file>file:/home/shunei/NetBeansProjects/Colas/src/colas/ColaStrings.java</file>
            <file>file:/home/shunei/NetBeansProjects/Colas/src/colas/TresAri.java</file>
            <file>file:/home/shunei/NetBeansProjects/Colas/src/colas/Cola.java</file>
            <file>file:/home/shunei/NetBeansProjects/Colas/src/colas/DosAri.java</file>
        </group>
    </open-files>
</project-private>
